name,username,email,password
Giordano Bourne,gbourne0,gbourne0@cmu.edu,r9uDw8E
Arny Bisgrove,abisgrove1,abisgrove1@wired.com,o1VpYzNre
Ruprecht Choffin,rchoffin2,rchoffin2@imageshack.us,WuwH4nSY
Robena Spong,rspong3,rspong3@shop-pro.jp,JYHqlVaWdP
Levey Swett,lswett4,lswett4@wunderground.com,xLKFgr5bq
Ame Frissell,afrissell5,afrissell5@facebook.com,jcbIUdBhGfB4
Sharia Ivain,sivain6,sivain6@mysql.com,bqfn9y
Lethia Briance,lbriance7,lbriance7@tinypic.com,hiEcmfthU
Bruis McGreay,bmcgreay8,bmcgreay8@eepurl.com,HZBVuLQuLfy
Dorthea Gullberg,dgullberg9,dgullberg9@miibeian.gov.cn,F7gdJtghS
Loleta Padly,lpadlya,lpadlya@clickbank.net,fODvn1
Lorette Royall,lroyallb,lroyallb@state.gov,0M5BAcKjC
Mike Payne,mpaynec,mpaynec@blogspot.com,Po4DFeRz
Karlotte Birdsey,kbirdseyd,kbirdseyd@wix.com,kym3QSv
Thayne Camings,tcamingse,tcamingse@dion.ne.jp,yQrdDFuIfpR
Petrina Boylund,pboylundf,pboylundf@youku.com,8L0jZW
Temp Jelphs,tjelphsg,tjelphsg@elpais.com,ihJA0WNhWK
Mohandas Search,msearchh,msearchh@apache.org,E8tVBo
Deena Hogbourne,dhogbournei,dhogbournei@google.com.br,EqmuzCpv
Paula Linbohm,plinbohmj,plinbohmj@ucsd.edu,BPJifqtAfzs
Yancy Garnall,ygarnallk,ygarnallk@sciencedirect.com,warG2pBsQUk
Tanney Meade,tmeadel,tmeadel@squarespace.com,Mi5MFSB
Klement Melior,kmeliorm,kmeliorm@devhub.com,B4GRGl
Brig Truwert,btruwertn,btruwertn@vimeo.com,MhnsQgcuY
Nessi Maingot,nmaingoto,nmaingoto@dyndns.org,WgMwML
Constantine Mc Gaughey,cmcp,cmcp@ameblo.jp,Waiw4c
Corrianne Harvison,charvisonq,charvisonq@simplemachines.org,phxQwYb
Joanne Cawcutt,jcawcuttr,jcawcuttr@blogger.com,zETKSkx
Bartram Hayler,bhaylers,bhaylers@samsung.com,Qvzi9V
Kristo Roden,krodent,krodent@desdev.cn,m9RWRi8GTakv
Lulita MacCosty,lmaccostyu,lmaccostyu@telegraph.co.uk,jQQvi0Yrbx8
Dilly Sweetenham,dsweetenhamv,dsweetenhamv@sun.com,OSldL25
Mollee Handmore,mhandmorew,mhandmorew@artisteer.com,5qb1VF1
Karrie Seward,ksewardx,ksewardx@ucoz.ru,vCpJdOY
Melvyn MacPhail,mmacphaily,mmacphaily@state.gov,eyh5LC
Dylan Keywood,dkeywoodz,dkeywoodz@amazon.co.uk,rCa0iFL
Bili Stickel,bstickel10,bstickel10@java.com,Kooo30E3o
Yettie Krysztowczyk,ykrysztowczyk11,ykrysztowczyk11@ask.com,gT1ZIawlaah
Cate Jukubczak,cjukubczak12,cjukubczak12@utexas.edu,SBF1Zxv
Nobie Alltimes,nalltimes13,nalltimes13@netlog.com,E0ElEmKu
Gawen Killgus,gkillgus14,gkillgus14@typepad.com,2OewZc
Yehudit Haslewood,yhaslewood15,yhaslewood15@studiopress.com,lScqNG
Alain Astill,aastill16,aastill16@google.ca,mw04r5a
Jodi Brea,jbrea17,jbrea17@wix.com,JZeA4Mvky1
Wileen Giffaut,wgiffaut18,wgiffaut18@chicagotribune.com,qNilS5l65qk
Hermann Scarrisbrick,hscarrisbrick19,hscarrisbrick19@cdc.gov,1RUTwvYR
Asher Laughrey,alaughrey1a,alaughrey1a@walmart.com,5tmRk2Gp2x0
Raddy Schule,rschule1b,rschule1b@bizjournals.com,5wWVLNT4
Teodorico Challace,tchallace1c,tchallace1c@engadget.com,NM5u25
Catharina Haet,chaet1d,chaet1d@mayoclinic.com,hMWOscZy
Robby Clitheroe,rclitheroe1e,rclitheroe1e@va.gov,En4LEu
Jacqueline Percy,jpercy1f,jpercy1f@icio.us,dtgBmED
Keefer Abelson,kabelson1g,kabelson1g@foxnews.com,JJ5AZOv
Reade Tournay,rtournay1h,rtournay1h@tiny.cc,tANT4gh1
John MacCrosson,jmaccrosson1i,jmaccrosson1i@reddit.com,eXOrFz10h
Annecorinne Sallans,asallans1j,asallans1j@hatena.ne.jp,63W5y2pVMWn
Sybil Penswick,spenswick1k,spenswick1k@eventbrite.com,xmcmeoXR
Arlen Dowe,adowe1l,adowe1l@usnews.com,B4AA2c
Fleming Trimmell,ftrimmell1m,ftrimmell1m@imageshack.us,5AunoOjeROy
Lester Brusin,lbrusin1n,lbrusin1n@google.fr,HszYxt6
Klarrisa Millard,kmillard1o,kmillard1o@patch.com,BONQmW6A
Reagen MacRanald,rmacranald1p,rmacranald1p@t.co,w4NfMthC
Clarance Greenroad,cgreenroad1q,cgreenroad1q@si.edu,sZ2rnYg8pl
Dora Ebben,debben1r,debben1r@jigsy.com,zoWfOeLpp
Cilka Coneau,cconeau1s,cconeau1s@cloudflare.com,BZkPy6e
Stevie Cleverly,scleverly1t,scleverly1t@ehow.com,0Cp9MPy
Harriott Robertis,hrobertis1u,hrobertis1u@nytimes.com,hTNcYhTXH
Gillan Coalburn,gcoalburn1v,gcoalburn1v@jigsy.com,EkYAYAjX
Taite Decent,tdecent1w,tdecent1w@ox.ac.uk,zUM9E8GyOc
Louie Beilby,lbeilby1x,lbeilby1x@noaa.gov,QH0WdStJtH
Marena Mallinson,mmallinson1y,mmallinson1y@i2i.jp,DMQbqHq6
Sisely Lubeck,slubeck1z,slubeck1z@foxnews.com,nTm4cC89
Katherina Figurski,kfigurski20,kfigurski20@wisc.edu,1xKgxEOWJV
Aida Hampson,ahampson21,ahampson21@i2i.jp,yTOXJekH
Muire Heasly,mheasly22,mheasly22@marketwatch.com,o2Vd7l
Sigismundo Landal,slandal23,slandal23@deviantart.com,LL6ase75Oa
Michaeline Rupp,mrupp24,mrupp24@t.co,bvS7YLcrLm
Noe Sinney,nsinney25,nsinney25@123-reg.co.uk,7HuiJw6S8D
Winfield Castlake,wcastlake26,wcastlake26@stumbleupon.com,EJcuHIaQro
Trumann Hagergham,thagergham27,thagergham27@mlb.com,KHIdJv7NY
Maisie Mellings,mmellings28,mmellings28@webeden.co.uk,GN2ceAAP
Shandra Powrie,spowrie29,spowrie29@about.me,K3eeJ6VtToJ
Jackquelin Edmonston,jedmonston2a,jedmonston2a@360.cn,wDBsNsRc
Oralee Whitington,owhitington2b,owhitington2b@google.nl,Z7hz83uuxWeV
Matthew Cale,mcale2c,mcale2c@example.com,YzNBc0
Junia Possa,jpossa2d,jpossa2d@harvard.edu,1UI0iHehlD
Axel Abriani,aabriani2e,aabriani2e@hibu.com,TYURDG5RpAD8
Codee Laing,claing2f,claing2f@google.ru,hfc8R0n4dg5
Bert Castelain,bcastelain2g,bcastelain2g@wsj.com,l68sDeo
Pen Winram,pwinram2h,pwinram2h@examiner.com,eDdtx8IDGM
Giselbert Mattock,gmattock2i,gmattock2i@aboutads.info,JlrHXhYsxVv
Tommie Cammock,tcammock2j,tcammock2j@netlog.com,FQ8B8WfbX
Rennie Lawrie,rlawrie2k,rlawrie2k@arizona.edu,amQciKHN9fe
Isak Hindenburg,ihindenburg2l,ihindenburg2l@wiley.com,e13xztFzQ
Moshe Pantling,mpantling2m,mpantling2m@51.la,L0RPDLF3b3
Clem Garn,cgarn2n,cgarn2n@nasa.gov,XJZcpQap
Sophie Nund,snund2o,snund2o@adobe.com,HFgtVxik
Bendite Bosward,bbosward2p,bbosward2p@samsung.com,pP35dR
Lauren Sanders,lsanders2q,lsanders2q@apache.org,Cm4SAZp9OQP
Goldie Furmonger,gfurmonger2r,gfurmonger2r@cpanel.net,x32pKP9C
Shara Iwanicki,siwanicki2s,siwanicki2s@geocities.jp,A0iZS9s8Q
Roseanna McIlharga,rmcilharga2t,rmcilharga2t@samsung.com,IoS57zk
Florie Oldis,foldis2u,foldis2u@paypal.com,zvLS7IAb
Devlen Gerding,dgerding2v,dgerding2v@ehow.com,lrd5mIhQEf
Marti Greig,mgreig2w,mgreig2w@pbs.org,QYpydRX
Jud Schaffler,jschaffler2x,jschaffler2x@infoseek.co.jp,P3GnNE
Jenni Cholomin,jcholomin2y,jcholomin2y@cargocollective.com,4fr8g5ZT3
Ronny Desmond,rdesmond2z,rdesmond2z@pinterest.com,VAQPPv
Dallas McMorland,dmcmorland30,dmcmorland30@canalblog.com,aQt7s7
Leena Delwater,ldelwater31,ldelwater31@gnu.org,whBMiw9Uz8
Jaclyn Menco,jmenco32,jmenco32@google.it,RERf5J
Ilsa Vanyutin,ivanyutin33,ivanyutin33@chicagotribune.com,fLXtjhTDVZ3m
Frederica De Banke,fde34,fde34@simplemachines.org,B6UcIjm
Euell Naper,enaper35,enaper35@ox.ac.uk,R8EHzLKNA
Rosalynd Kohnert,rkohnert36,rkohnert36@stanford.edu,SAijfEJcf5KU
Sib Scullion,sscullion37,sscullion37@netvibes.com,2ppkajd8i
Harwilll Crowth,hcrowth38,hcrowth38@e-recht24.de,BJUGlF8fvv
Sky Dollard,sdollard39,sdollard39@t.co,8AQLw3M38
Perle Guyers,pguyers3a,pguyers3a@slashdot.org,oiKnnwFxSHkd
Vinnie Bleazard,vbleazard3b,vbleazard3b@desdev.cn,sOeL5QzQ
Bendick Djuricic,bdjuricic3c,bdjuricic3c@people.com.cn,AouxEco0
Ivette Belhomme,ibelhomme3d,ibelhomme3d@networksolutions.com,eXfW4FloLs7t
Gar Ollier,gollier3e,gollier3e@ox.ac.uk,4MxiUF
Lucretia Nunnerley,lnunnerley3f,lnunnerley3f@blogspot.com,AWAWRTEY
Nickie Garretson,ngarretson3g,ngarretson3g@google.co.uk,2aeenukR2
Ansel Dowson,adowson3h,adowson3h@t.co,dttdhPzak1
Wallas Paradise,wparadise3i,wparadise3i@jugem.jp,VgX3eFI
Georgianna Stanger,gstanger3j,gstanger3j@youtu.be,pRbE8tWn
Damiano Fuxman,dfuxman3k,dfuxman3k@4shared.com,qeeaG2w0TG3
Harlan Mitchall,hmitchall3l,hmitchall3l@mail.ru,lRKpOaWGu
Robina Halpine,rhalpine3m,rhalpine3m@infoseek.co.jp,blOtdrguB6lI
Shanan Bastone,sbastone3n,sbastone3n@tuttocitta.it,8aUlQVFZn
Brannon Foulgham,bfoulgham3o,bfoulgham3o@sciencedaily.com,zRVRt9MG
Muhammad Kenan,mkenan3p,mkenan3p@theatlantic.com,KPgI634Bb
Olwen Beniesh,obeniesh3q,obeniesh3q@amazon.co.jp,65kI0l
Abagail Wybrew,awybrew3r,awybrew3r@statcounter.com,WRObdba
Wendeline Roumier,wroumier3s,wroumier3s@hp.com,KU4r4HkEw
Stu Helliker,shelliker3t,shelliker3t@npr.org,hWgnnBcNLWA
Codee Bunten,cbunten3u,cbunten3u@wikia.com,X2wEVxvq
Leonora Snaddon,lsnaddon3v,lsnaddon3v@cnn.com,7o6jJiK43x
Gallagher Somerscales,gsomerscales3w,gsomerscales3w@prnewswire.com,abvZehwwsifV
Skell Casale,scasale3x,scasale3x@wunderground.com,GVqbD5
Yardley Broinlich,ybroinlich3y,ybroinlich3y@oracle.com,rs5vrsM1
Graeme Grassin,ggrassin3z,ggrassin3z@etsy.com,KI1jZV6deWaE
Caprice Pridham,cpridham40,cpridham40@ox.ac.uk,6o0ZaRU
Allayne Heaphy,aheaphy41,aheaphy41@indiatimes.com,5XoENDSukNC
Reine Daleman,rdaleman42,rdaleman42@cpanel.net,T4btDEpXlZC
Solomon Gook,sgook43,sgook43@eventbrite.com,iJCmVaA2
Flynn Cowthart,fcowthart44,fcowthart44@ebay.com,nneWPG9yqb
Lilith Guess,lguess45,lguess45@godaddy.com,7ILrztGl9Mc
Dicky Bahls,dbahls46,dbahls46@bbb.org,C4N8nS
Ase Rossin,arossin47,arossin47@elegantthemes.com,bH9jQIbN
Cher Purkins,cpurkins48,cpurkins48@imgur.com,m7kWgZYZ
Birgit Kondrat,bkondrat49,bkondrat49@yandex.ru,1iJ1Xb80
Toma Corkel,tcorkel4a,tcorkel4a@twitpic.com,V7ZUL0oTfUB
Auberon Ibbs,aibbs4b,aibbs4b@cbsnews.com,qf6NOnkrHKq
Maurita Prestidge,mprestidge4c,mprestidge4c@ebay.co.uk,To69zvNZ
Truman Spowage,tspowage4d,tspowage4d@ted.com,M4bx3DDLlJ
Robert Geffen,rgeffen4e,rgeffen4e@tamu.edu,ugp55GWUf
Moises Bims,mbims4f,mbims4f@dropbox.com,MEAxgF6
Obadiah Vallantine,ovallantine4g,ovallantine4g@chicagotribune.com,uWVZwN5Qk
Julianna Tansly,jtansly4h,jtansly4h@discovery.com,9rwrIXT
Minnaminnie Purle,mpurle4i,mpurle4i@unc.edu,BrFueUmfK
Demetra Bernardt,dbernardt4j,dbernardt4j@msn.com,9MNuA3p
Farrah Simony,fsimony4k,fsimony4k@rediff.com,4U6CYaB1
Darcy Mallabon,dmallabon4l,dmallabon4l@woothemes.com,SFISENv
Doralyn Gerbl,dgerbl4m,dgerbl4m@github.io,EayuDF0t9nrb
Kane Gurnay,kgurnay4n,kgurnay4n@godaddy.com,rZGLFQho7JEs
Tamiko Webb,twebb4o,twebb4o@usda.gov,8cxp0PPjYA
Kippie Kubach,kkubach4p,kkubach4p@infoseek.co.jp,O2206rA
Olly Bayns,obayns4q,obayns4q@baidu.com,LqMer00bjv2q
Alford Reide,areide4r,areide4r@cornell.edu,aqrmpIR
Theodore Pawels,tpawels4s,tpawels4s@acquirethisname.com,gM0KCJOZpv
Raleigh Gartan,rgartan4t,rgartan4t@sohu.com,wHNmId2pPb
Jayme Satyford,jsatyford4u,jsatyford4u@usgs.gov,TY9lGxVRz
Barrie Doerffer,bdoerffer4v,bdoerffer4v@cnbc.com,v0GRig
Cord Gemelli,cgemelli4w,cgemelli4w@facebook.com,HPIBZE8ua
Dell Matussevich,dmatussevich4x,dmatussevich4x@va.gov,LQ1yxK9xIM
Cheryl Kinnett,ckinnett4y,ckinnett4y@newyorker.com,WAR5yeOhJZYJ
Maurizia Hugland,mhugland4z,mhugland4z@netvibes.com,ggJpfUO
Daphne Simeons,dsimeons50,dsimeons50@irs.gov,uJpSkgy7l
Ollie Stiell,ostiell51,ostiell51@rambler.ru,0SzrRXiP2U
Agna De La Hay,ade52,ade52@google.co.uk,XkbG0KwyA
Marguerite Ricca,mricca53,mricca53@unesco.org,IQjk5Vuvy
Ximenes Addyman,xaddyman54,xaddyman54@zdnet.com,ax3tb4hO1F
Carlin Hebbs,chebbs55,chebbs55@vistaprint.com,3YNzUyZkt
Francklin Caddie,fcaddie56,fcaddie56@bbc.co.uk,IkIaU8xQD4
Ardine Ovington,aovington57,aovington57@google.com,OYsjl4itS7Ej
Sterne Ollie,sollie58,sollie58@mail.ru,IeteFbp
Victor McInnery,vmcinnery59,vmcinnery59@amazon.de,VUSXGiWrkHOe
Cesar Crates,ccrates5a,ccrates5a@soundcloud.com,oZAKzR2iN
Nikaniki Bucksey,nbucksey5b,nbucksey5b@rakuten.co.jp,Ixlraaz
Jae Romeril,jromeril5c,jromeril5c@sphinn.com,iSJZ3GaVNisF
Ruperto Ayree,rayree5d,rayree5d@unc.edu,xx7OpFekXhz1
Rutledge McAnellye,rmcanellye5e,rmcanellye5e@sciencedirect.com,q6NcpyBIzv
Demetris Paynton,dpaynton5f,dpaynton5f@printfriendly.com,OFGhosgpLaF
Kippie O'Hoolahan,kohoolahan5g,kohoolahan5g@google.com.br,DD6NOlsjIsp
Ev Pallatina,epallatina5h,epallatina5h@privacy.gov.au,Cbk9BgLi
Gwendolen Worsham,gworsham5i,gworsham5i@sciencedaily.com,jTLZOpJZWTv
Johan Allsup,jallsup5j,jallsup5j@huffingtonpost.com,mw9kkKqQ
Annabell Skahill,askahill5k,askahill5k@tmall.com,BbVotC9py
Vale Robotham,vrobotham5l,vrobotham5l@smugmug.com,ZKFAwgO
Felita Swanger,fswanger5m,fswanger5m@mapquest.com,SKebbYHHr
Constantine Preddy,cpreddy5n,cpreddy5n@gmpg.org,t5atwol4Rs
Clarette Wayvill,cwayvill5o,cwayvill5o@webs.com,q4gWrLuR
Fidelio Glynne,fglynne5p,fglynne5p@deviantart.com,5qyWHhlj0t
Kristin Pactat,kpactat5q,kpactat5q@amazon.co.jp,XVKepB4t1
Heath Thumim,hthumim5r,hthumim5r@purevolume.com,9Zz02p
Filia Ottawell,fottawell5s,fottawell5s@miitbeian.gov.cn,wnO6OHvXpbSF
Caria Brown,cbrown5t,cbrown5t@scribd.com,DUOqxf
Korella Verbeke,kverbeke5u,kverbeke5u@4shared.com,KoQ1uI4Ocf1x
Dukey Easbie,deasbie5v,deasbie5v@springer.com,DhOfEVklI98p
Katherina LaBastida,klabastida5w,klabastida5w@naver.com,WvE0mreWpXT
Uri Peirce,upeirce5x,upeirce5x@bbb.org,pRvFtzTPRcL
Carin Date,cdate5y,cdate5y@linkedin.com,KthulceZa9bu
Mauricio Cancutt,mcancutt5z,mcancutt5z@flavors.me,bUpBKDhYbvW
Jerrie Kits,jkits60,jkits60@seattletimes.com,fz5NR4c
Rosette Parsand,rparsand61,rparsand61@google.com,5xrOg8
Talbot Balthasar,tbalthasar62,tbalthasar62@typepad.com,GJidrx
Cly Hylands,chylands63,chylands63@cam.ac.uk,27buW3prA
Betta Schusterl,bschusterl64,bschusterl64@netvibes.com,y8Mh10rI3lVT
Reba Kinnear,rkinnear65,rkinnear65@google.ru,C2C4oPBu
Ermin Tincombe,etincombe66,etincombe66@163.com,rlg5cS
Myrtle Emeny,memeny67,memeny67@cargocollective.com,otxxnTb
Marita Klosterman,mklosterman68,mklosterman68@dedecms.com,IRj8SQH
Bernie Thalmann,bthalmann69,bthalmann69@cornell.edu,wYcvBGWP
Gena Leary,gleary6a,gleary6a@4shared.com,rTKAgexqNs
Chery Barbey,cbarbey6b,cbarbey6b@hhs.gov,MDc3XRgK
Michaelina Parnell,mparnell6c,mparnell6c@china.com.cn,VIykQPybtqiB
Benton Sibbons,bsibbons6d,bsibbons6d@g.co,TxBFWh
Alisa Cuttin,acuttin6e,acuttin6e@freewebs.com,L2CZYo2V
Madalena Ianson,mianson6f,mianson6f@tripod.com,gqHzyiPn
Kyle Turn,kturn6g,kturn6g@huffingtonpost.com,IwKXjFaQxra
Catharine Anchor,canchor6h,canchor6h@miitbeian.gov.cn,AsqpEkoK3
Trescha Agerskow,tagerskow6i,tagerskow6i@livejournal.com,aWwfoULGG8iP
Coleman Gossington,cgossington6j,cgossington6j@amazon.com,wQslRcOHOeO
Berti Tenwick,btenwick6k,btenwick6k@webmd.com,zfW4Aj3GRaK
Wenonah Gregory,wgregory6l,wgregory6l@seattletimes.com,Apf0QxT1l
Janis Danet,jdanet6m,jdanet6m@unc.edu,EfdDTSe2Tg
Nanice Caustic,ncaustic6n,ncaustic6n@webmd.com,BbKoFR4iXaQm
Ralf Slesser,rslesser6o,rslesser6o@biglobe.ne.jp,gsjJTp5ohk
Eustace Burgwin,eburgwin6p,eburgwin6p@phpbb.com,WWiij0GSfTfI
Lanie Ricciardiello,lricciardiello6q,lricciardiello6q@pbs.org,nId3arT5
Merill Manifould,mmanifould6r,mmanifould6r@cbslocal.com,9f9ktMAl2rz
Editha Heddy,eheddy6s,eheddy6s@4shared.com,Jz3eaabyVKGa
Delano Goadsby,dgoadsby6t,dgoadsby6t@nhs.uk,HdVpCya
Marwin Godfery,mgodfery6u,mgodfery6u@unicef.org,5MjKyI3bLz
Aeriel Leven,aleven6v,aleven6v@trellian.com,6dZ6CbYCU
Willetta Scrancher,wscrancher6w,wscrancher6w@hao123.com,wsKyVMKU7
Howie Rubie,hrubie6x,hrubie6x@alexa.com,mq4bGEUJtu
Jeanelle O' Bee,jo6y,jo6y@mac.com,8ZQAnySR
Shirlene Faithorn,sfaithorn6z,sfaithorn6z@bing.com,rnYN26
Eugenius McReynold,emcreynold70,emcreynold70@discuz.net,WD8C4tYM8
Dorise Hedman,dhedman71,dhedman71@huffingtonpost.com,7UtidV
Leta Perl,lperl72,lperl72@slashdot.org,v8ZhX7RMmgPY
Sheena Colliber,scolliber73,scolliber73@godaddy.com,OMrDZ5eV
Katee Gatteridge,kgatteridge74,kgatteridge74@deviantart.com,97MzXKek8Ijh
Hadrian Markwelley,hmarkwelley75,hmarkwelley75@fotki.com,wvlM9r
Vanessa Murty,vmurty76,vmurty76@businessweek.com,SxCYAd7M
Sari Hopfner,shopfner77,shopfner77@geocities.com,RmeoIowh8
Brandea Christoffe,bchristoffe78,bchristoffe78@geocities.com,5k7Q2SUo
Tessie Van den Hof,tvan79,tvan79@fema.gov,0uP4EeD
Charley Widdowfield,cwiddowfield7a,cwiddowfield7a@eventbrite.com,wlBxg6fc9e
Moses Birchner,mbirchner7b,mbirchner7b@gizmodo.com,zJnhVV
Doro Crosi,dcrosi7c,dcrosi7c@live.com,NZumx7qR
Alfons Webster,awebster7d,awebster7d@wikimedia.org,xWdw7pxXE
Marcello Devorill,mdevorill7e,mdevorill7e@cnet.com,J1p5xvBwL
Bruce Nightingale,bnightingale7f,bnightingale7f@globo.com,botRreJb
August Southan,asouthan7g,asouthan7g@google.it,iErqnXpDBj
Aguste Luchelli,aluchelli7h,aluchelli7h@ca.gov,s8kR4lankHkY
Jacobo Ybarra,jybarra7i,jybarra7i@i2i.jp,7SwBT3
Eugene Woolam,ewoolam7j,ewoolam7j@studiopress.com,0DCBBNIQtL
Chico Slee,cslee7k,cslee7k@cnbc.com,F9o4dNJ
Tedmund O'Coskerry,tocoskerry7l,tocoskerry7l@so-net.ne.jp,qOIWsek1
Reggy Easman,reasman7m,reasman7m@gizmodo.com,QNJz4DHj4
Radcliffe Tonry,rtonry7n,rtonry7n@wikia.com,F78Mmx0iP1h8
Berkie Rown,brown7o,brown7o@live.com,7N4STjjAj
Gregorio Heiden,gheiden7p,gheiden7p@gnu.org,DH3rpb
Chaunce Fairham,cfairham7q,cfairham7q@cbc.ca,T3G6g9VoI
Bordy Kinglake,bkinglake7r,bkinglake7r@cdbaby.com,vONZVK
Garik Henrys,ghenrys7s,ghenrys7s@theatlantic.com,PwfJtVQ
Raul Glidden,rglidden7t,rglidden7t@harvard.edu,YxWRmbXmKy
Etti Kurten,ekurten7u,ekurten7u@blogspot.com,QT86YvR
Hermie Michie,hmichie7v,hmichie7v@toplist.cz,Fjg9ZP7B
Cecilio Crossley,ccrossley7w,ccrossley7w@digg.com,OLnE8dkL
Selle Quarrington,squarrington7x,squarrington7x@indiatimes.com,xDe9OYS3
Suzy Whitmore,swhitmore7y,swhitmore7y@e-recht24.de,UObHfn3nBXEm
Bear O'Nion,bonion7z,bonion7z@bravesites.com,O2HOBjaVTu
Luisa Kilkenny,lkilkenny80,lkilkenny80@economist.com,mLRP9YfqVyaP
Saraann Avison,savison81,savison81@statcounter.com,bOJpxC9C
Nicko McMeyler,nmcmeyler82,nmcmeyler82@cafepress.com,h3tOy5
Deck Croster,dcroster83,dcroster83@blogtalkradio.com,8ibwbT4
Karisa Moller,kmoller84,kmoller84@instagram.com,oMAi3W00M
Crawford Capron,ccapron85,ccapron85@amazon.com,CnB4qk3WPH
Jeanie Fretson,jfretson86,jfretson86@cpanel.net,Baog3YviG4
Brant Bunhill,bbunhill87,bbunhill87@aol.com,25MMb01LH
Darius Pane,dpane88,dpane88@ucoz.com,4mEmIl
Garfield Scadden,gscadden89,gscadden89@pen.io,8Zl7LF
Jacobo Skeete,jskeete8a,jskeete8a@ox.ac.uk,S5JmixL
Andria Falks,afalks8b,afalks8b@va.gov,RzwhdCYpE2G
Ruperta Telford,rtelford8c,rtelford8c@blogspot.com,FglG1PIxNAFr
Valene Easdon,veasdon8d,veasdon8d@usa.gov,T23GzzqU4j4
Heinrik Stubbes,hstubbes8e,hstubbes8e@house.gov,47tXrwwl
Pablo Hailston,phailston8f,phailston8f@blogs.com,ZGNxG2VYOid
Calida Blannin,cblannin8g,cblannin8g@soundcloud.com,zQCxJLtGJb
Worth Callery,wcallery8h,wcallery8h@lulu.com,eeiTNJvtn
Dacie Basilone,dbasilone8i,dbasilone8i@utexas.edu,gWMn06tIu
Marla Riddles,mriddles8j,mriddles8j@ning.com,hZE9HUn94
Natassia Kirkness,nkirkness8k,nkirkness8k@storify.com,j8OMXd4
Bobby Pegden,bpegden8l,bpegden8l@army.mil,jckJJZ4
Berkley Diggins,bdiggins8m,bdiggins8m@wufoo.com,tFAW7mN2
Margret Blacklock,mblacklock8n,mblacklock8n@etsy.com,6aT0yJbIZYzJ
Genny O'Grady,gogrady8o,gogrady8o@nba.com,5SEfI8OmH7
Andra De Dantesie,ade8p,ade8p@deliciousdays.com,p9CvSl
Lindsay Burde,lburde8q,lburde8q@tmall.com,MbzhzFY4Guuh
Gawain Corps,gcorps8r,gcorps8r@springer.com,n9fBEAv0I
Kirstyn Oades,koades8s,koades8s@lycos.com,ybpsxB
Lil By,lby8t,lby8t@prweb.com,bN5Hn1kt13L
Sela Jamieson,sjamieson8u,sjamieson8u@mysql.com,XO8YBAbruD
Collete Thynne,cthynne8v,cthynne8v@blogspot.com,6piMrA3M1Ko
Raquela Kembrey,rkembrey8w,rkembrey8w@fotki.com,KYcOQEIRtJu
Brion Isakovic,bisakovic8x,bisakovic8x@umich.edu,gTrY4OX
Joann Glentworth,jglentworth8y,jglentworth8y@google.cn,qaKd9u
Neal Mathelin,nmathelin8z,nmathelin8z@unc.edu,axlmLjKAa4P
Emmanuel Polleye,epolleye90,epolleye90@imdb.com,KAejcd5f
Wright Bonehill,wbonehill91,wbonehill91@i2i.jp,6gv3WZY20x
Kellie Brunke,kbrunke92,kbrunke92@wordpress.org,4bdhxXjuXd
Atalanta Pinkstone,apinkstone93,apinkstone93@foxnews.com,tYoQ0Hi6xG
Waylin Ivanitsa,wivanitsa94,wivanitsa94@yale.edu,Qw8mZAm
Jeannette Chang,jchang95,jchang95@blogspot.com,cbCXwyVQ0TGm
Burtie Baguley,bbaguley96,bbaguley96@amazonaws.com,qUjNOH2
Betteann Grigoryov,bgrigoryov97,bgrigoryov97@umn.edu,dIVYqARjWW
Kele Mulleary,kmulleary98,kmulleary98@cornell.edu,1bsm7bP
Emmie Allchorne,eallchorne99,eallchorne99@msn.com,egb1FhuZL
Goldia Royl,groyl9a,groyl9a@usnews.com,VDwvRDjjVdn
Marion Hendrick,mhendrick9b,mhendrick9b@ft.com,fEEbgVvk0
Meara Davidovitch,mdavidovitch9c,mdavidovitch9c@elpais.com,D70P0RZ3a
Bobby Makinson,bmakinson9d,bmakinson9d@prweb.com,xTL2K9Vhe7fU
Delaney Fenners,dfenners9e,dfenners9e@soundcloud.com,QcDdg1V5SFxX
Ginni Scrane,gscrane9f,gscrane9f@ihg.com,gyPs1s
Dalt Betteridge,dbetteridge9g,dbetteridge9g@newyorker.com,zdf4Bmr
Hagen Bream,hbream9h,hbream9h@cnbc.com,7QU3M8gnySww
Farrand Kincaid,fkincaid9i,fkincaid9i@unesco.org,oPouxX
Cross Aitchison,caitchison9j,caitchison9j@people.com.cn,XGcIEWE
Guillemette Hoffmann,ghoffmann9k,ghoffmann9k@goo.gl,NtY2PuAR6bC
Isac Shipston,ishipston9l,ishipston9l@myspace.com,2X9H0hqi
Calida Spreadbury,cspreadbury9m,cspreadbury9m@sfgate.com,h8Xqwq
Hanna Schruyers,hschruyers9n,hschruyers9n@independent.co.uk,6WoDr3
Adiana De Laci,ade9o,ade9o@sciencedirect.com,Pf5Bm4
Marianna Tedorenko,mtedorenko9p,mtedorenko9p@wikia.com,QcAiIAWPmnBK
Daniele Trowbridge,dtrowbridge9q,dtrowbridge9q@google.es,zgHTpdei9g
Katuscha Lymbourne,klymbourne9r,klymbourne9r@webmd.com,aJO1VF4cQm
Jinny Sieghard,jsieghard9s,jsieghard9s@hubpages.com,krAEcpiD
Gregory Dollin,gdollin9t,gdollin9t@arstechnica.com,z8XEId9vfDG
Shalna Ouldcott,souldcott9u,souldcott9u@360.cn,NrFQlHDg3
Pier Impey,pimpey9v,pimpey9v@census.gov,az3l3XhgEjg
Anallise Demetr,ademetr9w,ademetr9w@soup.io,afljlki6H
Eberhard Husby,ehusby9x,ehusby9x@geocities.jp,66PQNmY4m2
Dory Dinneges,ddinneges9y,ddinneges9y@infoseek.co.jp,DzN9mf
Hetti Jodlowski,hjodlowski9z,hjodlowski9z@hexun.com,6e9kll50c
Margalo Barstow,mbarstowa0,mbarstowa0@walmart.com,y054G9p
Ruthanne Manzell,rmanzella1,rmanzella1@usda.gov,EmGa1jFE9f
Freddie Jeffress,fjeffressa2,fjeffressa2@va.gov,hVW8A6M7
Dion Robbins,drobbinsa3,drobbinsa3@storify.com,wluVloew9Nb
Charles Androsik,candrosika4,candrosika4@fda.gov,tZwL6XV
Suzanna Klezmski,sklezmskia5,sklezmskia5@wiley.com,NrzHubx
Ayn Fillgate,afillgatea6,afillgatea6@army.mil,sPr09d
Valeria Macieja,vmaciejaa7,vmaciejaa7@google.co.jp,5GjY5JziW
Roxana Seamarke,rseamarkea8,rseamarkea8@cbslocal.com,qFUDzDbh9U3g
Ferris Drabble,fdrabblea9,fdrabblea9@jimdo.com,s4ql001Tiz
Butch Woodvine,bwoodvineaa,bwoodvineaa@cargocollective.com,7Aaet958jAA
Remington Voss,rvossab,rvossab@hp.com,qa4xPYOK
Norina Angell,nangellac,nangellac@1688.com,atD6Paz
Sophia Inde,sindead,sindead@latimes.com,ucMOaA2TQ
Mildred Camilletti,mcamillettiae,mcamillettiae@xrea.com,R85D1D2UhE
Odey Vaughten,ovaughtenaf,ovaughtenaf@multiply.com,e6jcFPhnvo20
Emlyn Sollon,esollonag,esollonag@ebay.co.uk,KUhlyo79SzO
Donia Colwell,dcolwellah,dcolwellah@blogger.com,0PywxrCqq
Benn Mulcock,bmulcockai,bmulcockai@ucla.edu,2AErYlJC
Sherie Brabben,sbrabbenaj,sbrabbenaj@home.pl,Cc7Cj4VZvSdy
Valencia Semens,vsemensak,vsemensak@cdbaby.com,9nDo6dpFs6M2
Bertie Cogman,bcogmanal,bcogmanal@cpanel.net,Gufw6d5c
Glenn Ferrotti,gferrottiam,gferrottiam@sphinn.com,jZmOKydnr7F
Johnny Benninck,jbenninckan,jbenninckan@jalbum.net,E32Fm2
Dionne Srutton,dsruttonao,dsruttonao@yolasite.com,CHiUbV0xlkoD
Beitris Emmins,bemminsap,bemminsap@dropbox.com,coCbby
Fax Ferbrache,fferbracheaq,fferbracheaq@google.com.br,WftX7g5Eeby
Sib Chevins,schevinsar,schevinsar@bloglovin.com,b3wEb4Ubh
Kessia Phillip,kphillipas,kphillipas@over-blog.com,tzHBjo
Ariel Keggin,akegginat,akegginat@state.tx.us,c0OYFbH6scQ
Evonne Toomer,etoomerau,etoomerau@cargocollective.com,hgHiNg0I274o
Carolan Boundley,cboundleyav,cboundleyav@msu.edu,IAj9shEVsa
Jan McKim,jmckimaw,jmckimaw@friendfeed.com,LhCFqzI
Shayne Spriggs,sspriggsax,sspriggsax@netlog.com,hpBhrDK
Jo Sheaber,jsheaberay,jsheaberay@timesonline.co.uk,xMucrFfG
Minna Tankard,mtankardaz,mtankardaz@xinhuanet.com,NwJgG5
Gretta Averay,gaverayb0,gaverayb0@telegraph.co.uk,cUCT65rQU
Chiquita Zolini,czolinib1,czolinib1@digg.com,3SWMfMCB5ZQ
Gayleen Ellicock,gellicockb2,gellicockb2@cpanel.net,PSqyQO
Shurlocke Bardnam,sbardnamb3,sbardnamb3@vinaora.com,SG1IFJxXeq
Rozanne Mortimer,rmortimerb4,rmortimerb4@java.com,ZymE6mkq
Berkeley Rollings,brollingsb5,brollingsb5@rambler.ru,VXU8GXP6crD
Caressa Sokill,csokillb6,csokillb6@cdc.gov,31IKKkz0qzVc
Torey Chatin,tchatinb7,tchatinb7@usgs.gov,Ttd0J0BJD31
Marlo Grayson,mgraysonb8,mgraysonb8@dedecms.com,KkLRyRRqCiy
Udale Lebang,ulebangb9,ulebangb9@reverbnation.com,6fTOhg7hw7D
Paton Osgerby,posgerbyba,posgerbyba@loc.gov,lhXuW1S
Wilona Boatwright,wboatwrightbb,wboatwrightbb@people.com.cn,B7myys8I8
Moshe Critch,mcritchbc,mcritchbc@pagesperso-orange.fr,UREcnx
Maxy Borris,mborrisbd,mborrisbd@blog.com,2INHwVsyE
Obadias Meeron,omeeronbe,omeeronbe@cbsnews.com,KA1fW9
Adlai Tallant,atallantbf,atallantbf@cnn.com,FdGn213FA
Yovonnda Rawson,yrawsonbg,yrawsonbg@wikia.com,BsszfBfD
Arther Elphinston,aelphinstonbh,aelphinstonbh@discuz.net,lviVyYcCgGGX
Balduin Smallpiece,bsmallpiecebi,bsmallpiecebi@guardian.co.uk,7toyLhvk9z
Kaela Wigan,kwiganbj,kwiganbj@linkedin.com,tFUsyfPQ
Herschel Tidder,htidderbk,htidderbk@jugem.jp,f9PmWv8dw5K
Kari Duff,kduffbl,kduffbl@flickr.com,hBwKa5pphe
Hewett Jarville,hjarvillebm,hjarvillebm@lulu.com,9KLrOBWEu
Evin Gerriets,egerrietsbn,egerrietsbn@blogs.com,FpX9md6g
Brett Yakushkin,byakushkinbo,byakushkinbo@wikispaces.com,hVB30hTq
Clary Shepland,csheplandbp,csheplandbp@furl.net,0P8psIihmbiH
Caria Bourdel,cbourdelbq,cbourdelbq@xing.com,4W65ZW
Raoul Butter,rbutterbr,rbutterbr@goo.ne.jp,jjzgTfNUYN
Gelya Gaitley,ggaitleybs,ggaitleybs@mit.edu,UUy5ABq0w
Janeva Milberry,jmilberrybt,jmilberrybt@youku.com,mce85NTDK
Cary Oxenbury,coxenburybu,coxenburybu@google.de,Ejjqfd
Maurits Burtonwood,mburtonwoodbv,mburtonwoodbv@dyndns.org,oW8L86JRLbXA
Burnard Bank,bbankbw,bbankbw@wisc.edu,QYPL2X
Brnaba Schroeder,bschroederbx,bschroederbx@hostgator.com,YO6ybHPYBFd
Dorie Persey,dperseyby,dperseyby@vimeo.com,DKRECGm6YgO
Adey Gowans,agowansbz,agowansbz@foxnews.com,9PAc60
Ailyn Lambdean,alambdeanc0,alambdeanc0@google.de,kialDEawvQO
Hurleigh Smedmore,hsmedmorec1,hsmedmorec1@mapy.cz,IxzJqA4ajl
Nonnah Starbuck,nstarbuckc2,nstarbuckc2@cisco.com,FeEz2E
Shea Symonds,ssymondsc3,ssymondsc3@samsung.com,2pZOnD
Antonino Merdew,amerdewc4,amerdewc4@netvibes.com,99ydB25h1l5
Angel Putt,aputtc5,aputtc5@wiley.com,ohCk8CFuWE
Marleen Rissen,mrissenc6,mrissenc6@mit.edu,O0rZ27U
Deedee Edlyn,dedlync7,dedlync7@princeton.edu,RHfSNs6P
Olimpia Fahrenbach,ofahrenbachc8,ofahrenbachc8@cloudflare.com,kYsoGORik9Wr
Amalle Newark,anewarkc9,anewarkc9@chicagotribune.com,Xd8f1v7a
Stafani Gwalter,sgwalterca,sgwalterca@wikipedia.org,iYRoLC
Bordy Kilmary,bkilmarycb,bkilmarycb@drupal.org,aN3ban4DeCx
Warde Eadington,weadingtoncc,weadingtoncc@rediff.com,VXrx95zk6Wh
Sibby Sparks,ssparkscd,ssparkscd@wunderground.com,JsUHQmdqVCWM
Molly Scanterbury,mscanterburyce,mscanterburyce@discovery.com,D6Qg9hMgBLH
Melisenda Fisby,mfisbycf,mfisbycf@discovery.com,seamqp1Va
Twila Vicent,tvicentcg,tvicentcg@deviantart.com,af5SfFh
Pavia Atkyns,patkynsch,patkynsch@nbcnews.com,lO4YUpOHvIHV
Benton Pering,bperingci,bperingci@shutterfly.com,ajem5bj
Celina Betton,cbettoncj,cbettoncj@hatena.ne.jp,icdfwC
Dixie Verson,dversonck,dversonck@angelfire.com,QtEKuj
Morgen Grey,mgreycl,mgreycl@marriott.com,jtGGcCEH9Pl
Letta Krimmer,lkrimmercm,lkrimmercm@squidoo.com,hJR9QHHBl
Alexis Claworth,aclaworthcn,aclaworthcn@ning.com,ahAg7XE9O
Cecilius Bemrose,cbemroseco,cbemroseco@dmoz.org,ZxNqXX
Madalyn Sisse,msissecp,msissecp@flickr.com,SjNyheeYglaR
Lory Poltun,lpoltuncq,lpoltuncq@businessweek.com,yWP7bpE6vW
Alli Parades,aparadescr,aparadescr@senate.gov,LA9wNKuQq
Kelly McAree,kmcareecs,kmcareecs@hc360.com,6h0LNq9S
Therese Woolley,twoolleyct,twoolleyct@themeforest.net,NkreoLD5
Winston Gasperi,wgaspericu,wgaspericu@lycos.com,i273pDbZ
Dorree Graeser,dgraesercv,dgraesercv@dagondesign.com,CYzwNE
Brockie Jory,bjorycw,bjorycw@yelp.com,u2HbKi6
Ailina Roelofs,aroelofscx,aroelofscx@upenn.edu,Tn33zr
Janina Bolin,jbolincy,jbolincy@disqus.com,7OqMS0J9
Jennette Clarycott,jclarycottcz,jclarycottcz@infoseek.co.jp,grrwsG86B
Britta Vanetti,bvanettid0,bvanettid0@cpanel.net,zdnvP7MXKh
Sissy Byrde,sbyrded1,sbyrded1@woothemes.com,q0E3XgEX0WKu
Dagny Saleway,dsalewayd2,dsalewayd2@networksolutions.com,D5SlzD3Wn1Q9
Trixi Stennings,tstenningsd3,tstenningsd3@buzzfeed.com,uQMyzr4GN24k
Cyndie Guiel,cguield4,cguield4@freewebs.com,1fLZ94tqt
Kassi Ewin,kewind5,kewind5@desdev.cn,qD0TBE
Fernanda Ferie,fferied6,fferied6@howstuffworks.com,ZABPrC1CmpSN
Shane Matyas,smatyasd7,smatyasd7@surveymonkey.com,giLDQHzY
Agnesse Camell,acamelld8,acamelld8@amazon.com,qkABjF5nyJsJ
Lenard Allison,lallisond9,lallisond9@photobucket.com,FDVZWPm7
Beckie Wycliffe,bwycliffeda,bwycliffeda@wikia.com,J69Ic2
Dolley Suthren,dsuthrendb,dsuthrendb@foxnews.com,xneZkGdi2lU
Karyl Fallawe,kfallawedc,kfallawedc@shinystat.com,S3RMNg3Dt
Jayson Crate,jcratedd,jcratedd@mysql.com,3XlbDKuHR
Eimile Mapes,emapesde,emapesde@columbia.edu,cvYgaJH
Mandie Thomas,mthomasdf,mthomasdf@bravesites.com,i0yslPMLt
Jordon Radborne,jradbornedg,jradbornedg@canalblog.com,AW3RvOVD
Toma Illes,tillesdh,tillesdh@istockphoto.com,HOxFtxZAwF0
Weylin Hailey,whaileydi,whaileydi@sun.com,S9jkjX16e8Q
Felipe Danick,fdanickdj,fdanickdj@ycombinator.com,f2prAmTl
Corine Hamlen,chamlendk,chamlendk@toplist.cz,5jspjoPI
Hermione Sulland,hsullanddl,hsullanddl@yolasite.com,7kFf0BgJ1IY
Luca Romagosa,lromagosadm,lromagosadm@thetimes.co.uk,FjncvEb
Donnell Oakhill,doakhilldn,doakhilldn@ted.com,mw3PmR3Z
Bren Sheeran,bsheerando,bsheerando@theatlantic.com,45lgyjVo
Erin Skipperbottom,eskipperbottomdp,eskipperbottomdp@google.cn,ETECggfFQBmX
Giorgio Stanyland,gstanylanddq,gstanylanddq@ca.gov,yIUt2hlRN
Bronson Whaplington,bwhaplingtondr,bwhaplingtondr@webs.com,EhJ99t
Merl Grishechkin,mgrishechkinds,mgrishechkinds@reverbnation.com,fLSS0YW
Shandy Rase,srasedt,srasedt@ca.gov,zmPpq47nNhS
Mavis Harries,mharriesdu,mharriesdu@admin.ch,13kr9erzjD
Tamarah Payle,tpayledv,tpayledv@behance.net,7VhtqXQlgMSQ
Kirstin Malden,kmaldendw,kmaldendw@plala.or.jp,T8qnfgrWk8qh
Audi Howbrook,ahowbrookdx,ahowbrookdx@slate.com,cyAtd1M79xO
Cass Mottinelli,cmottinellidy,cmottinellidy@1und1.de,mdBJQdjZdD3
Andy Bras,abrasdz,abrasdz@cnet.com,qwC0m0WN3T
Guillema Borgnol,gborgnole0,gborgnole0@freewebs.com,3sMSa0KIq
Donall Gilby,dgilbye1,dgilbye1@toplist.cz,woDyfmQSrd
Danette Speechley,dspeechleye2,dspeechleye2@nih.gov,Rh9kN6OVXfN
Virgie Feare,vfearee3,vfearee3@businessinsider.com,4TaAu7c8Sm
Shir Van Der Walt,svane4,svane4@foxnews.com,EMlm89TfX8
Ericka Evemy,eevemye5,eevemye5@merriam-webster.com,o1mIV5i
Mattie Grieveson,mgrievesone6,mgrievesone6@redcross.org,gvb3GTX
Maurice Walbridge,mwalbridgee7,mwalbridgee7@bluehost.com,7b1olVYxpxE
Roland Bigmore,rbigmoree8,rbigmoree8@arstechnica.com,2vauZEv5Wk
Gusella Guard,gguarde9,gguarde9@java.com,mrvR0qngz
Orel Dalrymple,odalrympleea,odalrympleea@stanford.edu,wL0kQBQaN
Tiphanie Rudgerd,trudgerdeb,trudgerdeb@elpais.com,OmFpJ7BpHmxx
Des Kertess,dkertessec,dkertessec@goo.ne.jp,gu310x5al
Deanna Leroy,dleroyed,dleroyed@wisc.edu,SBYF2lAqH7
Cecil Blasiak,cblasiakee,cblasiakee@163.com,FG1Oyt2
Yale Arnhold,yarnholdef,yarnholdef@ameblo.jp,YbzFWa8YMVp2
Darrick Smithen,dsmitheneg,dsmitheneg@gnu.org,91kgTp1leH
Ruthi Baguley,rbaguleyeh,rbaguleyeh@163.com,6A4iRg
Vivianna Hanning,vhanningei,vhanningei@apache.org,BYaxGFSJK
Melanie Groven,mgrovenej,mgrovenej@hostgator.com,uDGCR2w
Allie Eim,aeimek,aeimek@xinhuanet.com,HMVCW8w
Hale Strangeway,hstrangewayel,hstrangewayel@house.gov,WNjZoK
Luce Heady,lheadyem,lheadyem@sogou.com,Gh1lqxxi7Z
Meade Sorro,msorroen,msorroen@woothemes.com,51roLsPqkAA
Karoly Ralestone,kralestoneeo,kralestoneeo@cnn.com,WgRLVW
Cinda Grinyer,cgrinyerep,cgrinyerep@weibo.com,vsaTzHwR6np
Abe Billson,abillsoneq,abillsoneq@i2i.jp,rI2YAuyTg
Simon Mardoll,smardoller,smardoller@dropbox.com,HywAl17ib
Dell Coney,dconeyes,dconeyes@simplemachines.org,jQX9Mx
Aloise Langshaw,alangshawet,alangshawet@google.fr,NIeNpXA
Geri Harrad,gharradeu,gharradeu@mac.com,jgDjLiI7kvC3
Torrance Tothe,ttotheev,ttotheev@google.fr,9n0aSDp250p
Luise Gildersleaves,lgildersleavesew,lgildersleavesew@netscape.com,hn0KZBXgU
Scotty Melley,smelleyex,smelleyex@google.fr,xFTVbu
Rog Lackington,rlackingtoney,rlackingtoney@mapquest.com,NFRiRicj3YtR
Verla Annesley,vannesleyez,vannesleyez@linkedin.com,w4MDZVC
Clayborne Jeste,cjestef0,cjestef0@berkeley.edu,scMZvX6
Catherina Ortell,cortellf1,cortellf1@umich.edu,LsgA3fz
Adrianna Keyte,akeytef2,akeytef2@etsy.com,ZFIsKuYp
Collette Blazevic,cblazevicf3,cblazevicf3@meetup.com,sQmqLhgMR
Aviva Wilderspoon,awilderspoonf4,awilderspoonf4@sun.com,itWvgnz46I
Way Brickett,wbrickettf5,wbrickettf5@last.fm,34mfVHi
Florence Legen,flegenf6,flegenf6@themeforest.net,bp97Vkj
Reese Edgehill,redgehillf7,redgehillf7@engadget.com,fLPNRnAHqdlM
Percival Labet,plabetf8,plabetf8@google.it,8eL5q0o
Jareb Teaze,jteazef9,jteazef9@alibaba.com,aTHFShx
Karoly Allard,kallardfa,kallardfa@aboutads.info,cdBvMYj
Mordy Yeiles,myeilesfb,myeilesfb@g.co,Iw9ek8fFXR
Had Jouandet,hjouandetfc,hjouandetfc@amazon.co.uk,AJl522PDj8G
Cobby Hearnden,chearndenfd,chearndenfd@ftc.gov,KB1iha
Curcio Islip,cislipfe,cislipfe@purevolume.com,o4GyA8
Isabel Murkus,imurkusff,imurkusff@msu.edu,8Xw0tseU
Odette Dreng,odrengfg,odrengfg@cyberchimps.com,b8IoTwgC
Florida Morgans,fmorgansfh,fmorgansfh@abc.net.au,eqY2RAJbpGK
Ruth Rosenauer,rrosenauerfi,rrosenauerfi@free.fr,dmwgHiP04Y
Devin Coldham,dcoldhamfj,dcoldhamfj@123-reg.co.uk,k86iMkwom6pV
Roxi Schoffler,rschofflerfk,rschofflerfk@hibu.com,z6dfRlk
Cullen Jaan,cjaanfl,cjaanfl@stumbleupon.com,EWlDAF
Tabby Abercromby,tabercrombyfm,tabercrombyfm@wired.com,6czuwHW
Francklyn Ciccotti,fciccottifn,fciccottifn@engadget.com,xEQswJ8EMiKv
Inga Rase,irasefo,irasefo@canalblog.com,UIEN24Kya72
Alane Thornally,athornallyfp,athornallyfp@patch.com,uFMbnHHN
Cindie Sheaber,csheaberfq,csheaberfq@cargocollective.com,2pA4ScgyA
Oates Olenikov,oolenikovfr,oolenikovfr@discuz.net,D3tYwMOBT
Shina Hofner,shofnerfs,shofnerfs@live.com,frBjFkee4o
Petra Grovier,pgrovierft,pgrovierft@wordpress.com,S54gGOiQ
Debi Pennyman,dpennymanfu,dpennymanfu@bloglines.com,oCG9yb
Desdemona Josephi,djosephifv,djosephifv@issuu.com,R5CGjKs
Christie McMorran,cmcmorranfw,cmcmorranfw@skyrock.com,6KvjJt9F
Marabel Le Noire,mlefx,mlefx@ebay.co.uk,A6zn7n0EJ
Wolfie Cockrill,wcockrillfy,wcockrillfy@discuz.net,p5hj5gyx9n50
Kayne Herety,kheretyfz,kheretyfz@huffingtonpost.com,ahiNOOGn
Rodina Justham,rjusthamg0,rjusthamg0@pinterest.com,p76x7o
Phaidra Roxburch,proxburchg1,proxburchg1@cbslocal.com,VgOwweQwvOj3
Dorothy Bolletti,dbollettig2,dbollettig2@liveinternet.ru,NWkU13aFQHqa
Amelita Pampling,apamplingg3,apamplingg3@yellowpages.com,vRln7tIkaBSZ
Gare Brane,gbraneg4,gbraneg4@auda.org.au,VM8l6pVZ
Pris Delagnes,pdelagnesg5,pdelagnesg5@wunderground.com,DXxwYW
Rodolfo Honack,rhonackg6,rhonackg6@cocolog-nifty.com,N40MASSfL
Nicol Scrowston,nscrowstong7,nscrowstong7@yandex.ru,Zm76Sd8
Ira Meeke,imeekeg8,imeekeg8@webs.com,76PMZBYgXSLy
Ty Jagielski,tjagielskig9,tjagielskig9@qq.com,BHmWlMdXxs
Lauren Cliffe,lcliffega,lcliffega@godaddy.com,gRP7Bja
Patric Squibbes,psquibbesgb,psquibbesgb@drupal.org,keE8NKr6JHZ2
Barbara-anne Cleminshaw,bcleminshawgc,bcleminshawgc@newsvine.com,etPXBghv
Estel Ferretti,eferrettigd,eferrettigd@xing.com,Ri8N0QfooFJ
Jody Orwin,jorwinge,jorwinge@virginia.edu,cXbGdcrL1
Susan Tutsell,stutsellgf,stutsellgf@netscape.com,fT4uiKU
Kevan Cuseick,kcuseickgg,kcuseickgg@ucsd.edu,eZ4Tdc
Shina Vasse,svassegh,svassegh@chronoengine.com,SRfN6pLP58A
Inez Tipler,itiplergi,itiplergi@51.la,urRBK0j0hFp
Em Gosford,egosfordgj,egosfordgj@sciencedirect.com,vhyz72Hcr
Emmye Grimley,egrimleygk,egrimleygk@linkedin.com,OvnlFBGrq1j
Dur Handrahan,dhandrahangl,dhandrahangl@accuweather.com,5NZPQMl
Kath Bratch,kbratchgm,kbratchgm@reference.com,TdKFsU
Bernhard Goodman,bgoodmangn,bgoodmangn@mozilla.com,zaYAVXb6Oqc
Shandee Martinyuk,smartinyukgo,smartinyukgo@jimdo.com,q1atzBVdHMF9
Charles Dunkerly,cdunkerlygp,cdunkerlygp@issuu.com,vG8smJ
Jesse Pitman,jpitmangq,jpitmangq@t.co,LuViIsOIh
Wynn Ramsey,wramseygr,wramseygr@privacy.gov.au,Il2jN4V
Sumner Gossart,sgossartgs,sgossartgs@e-recht24.de,4bXGtbk0oW
Loleta Pickavance,lpickavancegt,lpickavancegt@goo.gl,HHYpgC
Shamus Barfoot,sbarfootgu,sbarfootgu@timesonline.co.uk,WkTX85
Caitlin Pablo,cpablogv,cpablogv@edublogs.org,XlwmvAMOlZQ
Amalee Rillett,arillettgw,arillettgw@google.es,9rPhOcWTui
Kellby Godney,kgodneygx,kgodneygx@imageshack.us,oG8c32h
Jackie Panas,jpanasgy,jpanasgy@cbc.ca,2BqFXbv
Annadiane De Mitris,adegz,adegz@hatena.ne.jp,Ibe3L4K9SSY
Magdaia Durram,mdurramh0,mdurramh0@webeden.co.uk,ImK8wIlK
Jenn Lille,jlilleh1,jlilleh1@bloglovin.com,W6CDm7Xb
Hatti Gabe,hgabeh2,hgabeh2@blogger.com,5eQmgXO9
Dyanna Foden,dfodenh3,dfodenh3@histats.com,msCSfoa
Heath Tilmouth,htilmouthh4,htilmouthh4@nytimes.com,03R46bE
Malachi Fretter,mfretterh5,mfretterh5@apple.com,11ciG6V47
Sydel Daughtrey,sdaughtreyh6,sdaughtreyh6@webeden.co.uk,BtOKxJH2z7FY
Cam Vaulkhard,cvaulkhardh7,cvaulkhardh7@artisteer.com,jpe5BWL8p19K
Lauralee Corsor,lcorsorh8,lcorsorh8@arizona.edu,E71cMuiLY
Clerc Mitcham,cmitchamh9,cmitchamh9@ihg.com,HIyLc2qH
Shela Alderson,saldersonha,saldersonha@pen.io,vb59rOsu
Shina Sebright,ssebrighthb,ssebrighthb@clickbank.net,4FPO1G7c35U
Audy Fluger,aflugerhc,aflugerhc@chicagotribune.com,WZzZ40n
Ricca Dusting,rdustinghd,rdustinghd@163.com,m0NJq2b0qOR
Anestassia Pigrome,apigromehe,apigromehe@lycos.com,C8lcFMml
Terese Denis,tdenishf,tdenishf@cisco.com,4iytzgpA5
Letitia Tuffell,ltuffellhg,ltuffellhg@scientificamerican.com,h74YK6TYP
Gretna Bengoechea,gbengoecheahh,gbengoecheahh@creativecommons.org,JawcxTRi
Lowrance O'Corr,locorrhi,locorrhi@businesswire.com,lTXvdy69V
Laird Ventham,lventhamhj,lventhamhj@jiathis.com,nudAwd
Lincoln Alldis,lalldishk,lalldishk@cyberchimps.com,R84NGZqvcWI
Leontine Parkhouse,lparkhousehl,lparkhousehl@dyndns.org,aasiFvtWEd
Obadias Rosi,orosihm,orosihm@theguardian.com,DbycbJT
Gianni Breawood,gbreawoodhn,gbreawoodhn@mashable.com,91aqhAFT9ZL
Heloise McKillop,hmckillopho,hmckillopho@tumblr.com,IOZBEYCT
Avivah Chartre,achartrehp,achartrehp@spotify.com,iBhsEyGqBbIp
Melloney Trotton,mtrottonhq,mtrottonhq@paginegialle.it,EguCxzCbq
Caryl Halksworth,chalksworthhr,chalksworthhr@sourceforge.net,G9VuFpt
Sigfried Ingerith,singerithhs,singerithhs@oaic.gov.au,MbeFrkxrAQ
Konstantine Paolillo,kpaolilloht,kpaolilloht@gov.uk,UwButpENL
Alta Manchester,amanchesterhu,amanchesterhu@businessweek.com,Dicgxc7cBw
Glenna Medler,gmedlerhv,gmedlerhv@shutterfly.com,4wSXoi
Vivien Hansbury,vhansburyhw,vhansburyhw@intel.com,bZIlHN
Boyd Burleton,bburletonhx,bburletonhx@shop-pro.jp,jSlnjTE
Benny Watsam,bwatsamhy,bwatsamhy@mayoclinic.com,2nU2bmhonAJ
Yorgo Pringle,ypringlehz,ypringlehz@bizjournals.com,DA8rn5U
Tandi Genever,tgeneveri0,tgeneveri0@ucoz.ru,51dWRV04Hv
Shea Boij,sboiji1,sboiji1@sitemeter.com,jNGYu4y
Lief Cottem,lcottemi2,lcottemi2@jalbum.net,pXTM90WE1m
Delaney Foulger,dfoulgeri3,dfoulgeri3@uol.com.br,zheNqjOd
Terrill Dizlie,tdizliei4,tdizliei4@reverbnation.com,8LjbXmW4Bq7
Silvie Hundley,shundleyi5,shundleyi5@columbia.edu,wfs0hZQT7mis
Ephrayim Titchard,etitchardi6,etitchardi6@cloudflare.com,V0Ap9KzrQ1w
Dallis Towell,dtowelli7,dtowelli7@wikia.com,rXDu4vC
Agneta Feaver,afeaveri8,afeaveri8@ft.com,S1xLzor
Ethan Presser,epresseri9,epresseri9@feedburner.com,RtkuKOAfdg
Roselia Wheatcroft,rwheatcroftia,rwheatcroftia@nature.com,poR3Dmanw3
Derk Koenen,dkoenenib,dkoenenib@google.com.hk,tj1qDt
Mozelle Rosenzwig,mrosenzwigic,mrosenzwigic@disqus.com,sXs8l1i
Cristal Veeler,cveelerid,cveelerid@linkedin.com,UhXQEFxTNEu
Luis Tart,ltartie,ltartie@infoseek.co.jp,zPkWnqKZ
Giacomo Kayley,gkayleyif,gkayleyif@narod.ru,Q0xNQXFi
Roselle Gathercoal,rgathercoalig,rgathercoalig@paypal.com,n98oHqE5RvE
Brynne Calbrathe,bcalbratheih,bcalbratheih@about.me,74UZk9
Shadow Ongin,songinii,songinii@lulu.com,ka8gtmHy
Barbara Parrot,bparrotij,bparrotij@unicef.org,3fuNAOf
Lida Haney`,lhaneyik,lhaneyik@flavors.me,zx5WjZEwSAl
Iris Della Scala,idellail,idellail@sogou.com,HCFnH0Ak
Albertine Welden,aweldenim,aweldenim@newyorker.com,08nVvu
Sheri Gosnold,sgosnoldin,sgosnoldin@boston.com,n0sW60dE
Floria Brychan,fbrychanio,fbrychanio@ucsd.edu,QffZ0XbeWAwR
Torrance Booley,tbooleyip,tbooleyip@wordpress.org,TW6vflV
Maribeth Ribbon,mribboniq,mribboniq@bloomberg.com,t9LmnLW7pAi
Cassey Kirkhouse,ckirkhouseir,ckirkhouseir@gizmodo.com,UC8Kgs
Raymund Archibould,rarchibouldis,rarchibouldis@pinterest.com,STaOX42tUT22
Peterus Guitonneau,pguitonneauit,pguitonneauit@squidoo.com,10Y6ZQ8OIf
Sonnie Mace,smaceiu,smaceiu@issuu.com,8eqqpCeWvoZ
Umberto Zavattero,uzavatteroiv,uzavatteroiv@google.ca,Stz3p4
Kathy Lippini,klippiniiw,klippiniiw@mtv.com,npgKtr6EFdj
Hubert Judge,hjudgeix,hjudgeix@state.tx.us,ZVBYzAC3G
Johannah Barracks,jbarracksiy,jbarracksiy@goo.gl,V4LY4RqOLPI
Fabio Lomaz,flomaziz,flomaziz@ow.ly,XqsfGXicX
Dacia Jutson,djutsonj0,djutsonj0@uiuc.edu,vws03Z
Aksel Hughf,ahughfj1,ahughfj1@themeforest.net,ajUCgX
Birgit Paske,bpaskej2,bpaskej2@amazonaws.com,L5Eq6BOdwgS
Bianka Platts,bplattsj3,bplattsj3@mlb.com,a70qhbYF7z2
Caitlin Kinnoch,ckinnochj4,ckinnochj4@sitemeter.com,T4RethVMoP8
Karrah Reignolds,kreignoldsj5,kreignoldsj5@mapy.cz,ku8BG94HWo
Gunter Gurge,ggurgej6,ggurgej6@globo.com,DfErV7
Cyndie Leap,cleapj7,cleapj7@yolasite.com,e1DgRwUR9A
Valera Lergan,vlerganj8,vlerganj8@livejournal.com,SB4XyG0
Sybila Yurivtsev,syurivtsevj9,syurivtsevj9@newsvine.com,JWC40QEH
Lynea De Ruggero,ldeja,ldeja@amazon.co.jp,yg57oWAnO
Lexie Ferrarese,lferraresejb,lferraresejb@usda.gov,u5hKtyiisD7z
Grantham Nettle,gnettlejc,gnettlejc@seattletimes.com,XEO1Rkgy
Elsy Shoreman,eshoremanjd,eshoremanjd@salon.com,P8Lbvl
Deny Whacket,dwhacketje,dwhacketje@amazon.co.uk,J9usKE3jY
Isidor Cheeseman,icheesemanjf,icheesemanjf@dropbox.com,km1afTW
Dominic Lawling,dlawlingjg,dlawlingjg@wiley.com,IOSmSANFok
Daniele Kunkel,dkunkeljh,dkunkeljh@alexa.com,0q01P7WU6Fpt
Dylan Donohoe,ddonohoeji,ddonohoeji@auda.org.au,ZBrSTqc3B
Cazzie Wethered,cwetheredjj,cwetheredjj@reference.com,p7fd3qJsP3p
Wright Coole,wcoolejk,wcoolejk@1und1.de,tg524wOao
Pansie Poschel,pposcheljl,pposcheljl@over-blog.com,zTH0Ap9ID1CW
Tomaso McGing,tmcgingjm,tmcgingjm@woothemes.com,4DvZXMg5
Grenville Saladino,gsaladinojn,gsaladinojn@house.gov,olyLp4lildAZ
Giuditta Delaprelle,gdelaprellejo,gdelaprellejo@spotify.com,W3JODMbZNdo
John Danielis,jdanielisjp,jdanielisjp@examiner.com,BHdGYF
Nollie Cadore,ncadorejq,ncadorejq@army.mil,9RXqTvhek1qE
Dee dee Fedynski,ddeejr,ddeejr@sbwire.com,vFOLtftm
Yul Yelden,yyeldenjs,yyeldenjs@paypal.com,etVPNjJrdN
Eleonore Ollivier,eollivierjt,eollivierjt@goodreads.com,Lupbg4omoZfY
Tabbie McCart,tmccartju,tmccartju@canalblog.com,MCoj9F4SR
Cale Drewett,cdrewettjv,cdrewettjv@com.com,9C7fYDZ
Sharity Jaeggi,sjaeggijw,sjaeggijw@tripod.com,iYIvbX3jw
Irving Vallender,ivallenderjx,ivallenderjx@shinystat.com,Ul3DXqNvp
Shina Kidde,skiddejy,skiddejy@exblog.jp,MyNccVdyc
Clarinda Loft,cloftjz,cloftjz@yolasite.com,UwlVHtMuYUSW
Jule Martinek,jmartinekk0,jmartinekk0@wikipedia.org,YXQpCjWhYE
Andris Redparth,aredparthk1,aredparthk1@eventbrite.com,5G5sNzqaYkOt
Templeton de Vaen,tdek2,tdek2@sina.com.cn,mqdOYvQ
Karisa Wraxall,kwraxallk3,kwraxallk3@telegraph.co.uk,MiwUNzwwlWVG
Shannah Winfrey,swinfreyk4,swinfreyk4@mozilla.com,vG5IQLuWtQi6
Annadiane Nance,anancek5,anancek5@zimbio.com,x0JOMAIEYW
Miranda Gregon,mgregonk6,mgregonk6@soundcloud.com,BhvKdljche1J
Melisa Alibone,malibonek7,malibonek7@umich.edu,DsPwnSfmbS
Maud Ramirez,mramirezk8,mramirezk8@weebly.com,zWNmo88
Anderson Drowsfield,adrowsfieldk9,adrowsfieldk9@hhs.gov,bEzON1sZPN5i
Samantha Barrow,sbarrowka,sbarrowka@soup.io,WJYS2p
Leonora Vondracek,lvondracekkb,lvondracekkb@multiply.com,MBcXPLNp2
Berget Voff,bvoffkc,bvoffkc@earthlink.net,R5dpQ59J
Jim Blaine,jblainekd,jblainekd@newyorker.com,iFWR7dy
Garvy Roby,grobyke,grobyke@cnet.com,FnQ5buGRV0L
Phylis Ahern,pahernkf,pahernkf@exblog.jp,Eqa0zeRl5V
Stephine Clancey,sclanceykg,sclanceykg@paypal.com,TSKiI2Ov
Zoe Fripp,zfrippkh,zfrippkh@economist.com,hQgd1yfqRM
Bonita Hugill,bhugillki,bhugillki@taobao.com,MAaaGEUnHi5
Gwenette Gounard,ggounardkj,ggounardkj@dedecms.com,zrEMZtR5iat5
Ofella Alenichicov,oalenichicovkk,oalenichicovkk@elegantthemes.com,eU0SRm52hyW0
Savina Christall,schristallkl,schristallkl@sitemeter.com,aI8S0iSv0vL
Amber Jouannisson,ajouannissonkm,ajouannissonkm@shareasale.com,s4f14mF2POY7
Camala O'Hannen,cohannenkn,cohannenkn@symantec.com,YvQTLao5p3
Gregorio Phillips,gphillipsko,gphillipsko@cmu.edu,zk0UNmI1rRCR
Ezekiel Keble,ekeblekp,ekeblekp@studiopress.com,eKxLQQ
Zitella Broadbridge,zbroadbridgekq,zbroadbridgekq@infoseek.co.jp,PWbqrn
Tucky Snedden,tsneddenkr,tsneddenkr@wsj.com,JVhKsAX
Rafaellle Degan,rdeganks,rdeganks@census.gov,nRhloy
Jose Rubra,jrubrakt,jrubrakt@360.cn,wS2FpVShoNw4
Roarke Storror,rstorrorku,rstorrorku@cmu.edu,72DOvw1NYCd
Marchall Ripley,mripleykv,mripleykv@ehow.com,s1HdUcA4jEW
Townie Ferryn,tferrynkw,tferrynkw@blinklist.com,II6bCy22Eonj
Vannie Petschel,vpetschelkx,vpetschelkx@reference.com,blwHZua
Audra Ten Broek,atenky,atenky@upenn.edu,DN2Z6y
Lowe McMeyler,lmcmeylerkz,lmcmeylerkz@umn.edu,plFe2n
Ber Kamien,bkamienl0,bkamienl0@sitemeter.com,H731u20
Gaby Jirsa,gjirsal1,gjirsal1@answers.com,NgbDvVqLcr
Garnette Grishukov,ggrishukovl2,ggrishukovl2@weather.com,QXsM78hEtVV
Jory Keningley,jkeningleyl3,jkeningleyl3@opera.com,WqueJl8
Anthea Pyett,apyettl4,apyettl4@smugmug.com,41bfiOQo6
Monika Haacker,mhaackerl5,mhaackerl5@cyberchimps.com,mVgIjIDqI
Fanchette Pocklington,fpocklingtonl6,fpocklingtonl6@bbc.co.uk,ixesExQpldYi
Freddie McKew,fmckewl7,fmckewl7@gravatar.com,3Arax7x2
Rosanna Privost,rprivostl8,rprivostl8@eepurl.com,5O6iKqZU
Estel Dibling,ediblingl9,ediblingl9@admin.ch,waF5THJYdyy
Angeli Kernaghan,akernaghanla,akernaghanla@amazon.com,6H2cNGk6xfj
Meara Jime,mjimelb,mjimelb@hexun.com,KHhA7Tt0xEm7
Magdalen McNaughton,mmcnaughtonlc,mmcnaughtonlc@yandex.ru,EGHQzIUu3AL2
Cody Sailer,csailerld,csailerld@youtu.be,YslYeXhK4x
Rahel Heigl,rheiglle,rheiglle@nature.com,PXt6CVc4M
Wilow Sellens,wsellenslf,wsellenslf@baidu.com,stgXjGSx3s
Pandora Binns,pbinnslg,pbinnslg@i2i.jp,pLW7RCPBm3
Cyril Brunini,cbruninilh,cbruninilh@theatlantic.com,ntFEsKOsdU
Ardella Lydiard,alydiardli,alydiardli@ifeng.com,J0BoMiDJ
Corena Drinkall,cdrinkalllj,cdrinkalllj@eepurl.com,nCRa11x
Farlay Newham,fnewhamlk,fnewhamlk@about.me,c3lj0cHUmqel
Cahra Castelyn,ccastelynll,ccastelynll@meetup.com,ZUeuCzKwzNi5
Filippo Simmonds,fsimmondslm,fsimmondslm@scribd.com,APt5hTHSR6MJ
Farlay Pridding,fpriddingln,fpriddingln@google.nl,nOlLThoj
Nellie Ciobotaru,nciobotarulo,nciobotarulo@blogspot.com,7Rle5SZc
Allys Gerraty,agerratylp,agerratylp@spiegel.de,oIo1idEe1f
Chelsie De Simoni,cdelq,cdelq@japanpost.jp,0ZZeFw3GA7
Moselle Bullon,mbullonlr,mbullonlr@biglobe.ne.jp,5p3Q2DpLo
Dru Deesly,ddeeslyls,ddeeslyls@wikipedia.org,vNhuF8U
Giraldo Kleinstern,gkleinsternlt,gkleinsternlt@ovh.net,xU9RdCMCfa
Maribelle Benes,mbeneslu,mbeneslu@behance.net,QyKBfUifiQ
Dorthea Daltry,ddaltrylv,ddaltrylv@macromedia.com,FtSM8dbum
Ara Andresser,aandresserlw,aandresserlw@pen.io,OSOzhxy4kAMo
Druci Wheaton,dwheatonlx,dwheatonlx@simplemachines.org,ulgus792gD
Philly Vernalls,pvernallsly,pvernallsly@soup.io,pRfEtEF4J
Missie Anders,manderslz,manderslz@dailymotion.com,HJmbla9SuF
Lamond Warboy,lwarboym0,lwarboym0@hibu.com,p3OaiIzSth
Linc Aggas,laggasm1,laggasm1@guardian.co.uk,5Kb1flTrY7d
Pauletta Lerwill,plerwillm2,plerwillm2@soup.io,rtDr15hTv
Vittoria Berzon,vberzonm3,vberzonm3@themeforest.net,NeTwEwqN146x
Beryl Burgwin,bburgwinm4,bburgwinm4@csmonitor.com,sTKpZg7pRBj
Norbert Emptage,nemptagem5,nemptagem5@redcross.org,ePPeNxWn5
Sella Ducrow,sducrowm6,sducrowm6@admin.ch,lXAsLn
Rhody Banghe,rbanghem7,rbanghem7@digg.com,Whd98uSxZY
Charlot Eckert,ceckertm8,ceckertm8@imgur.com,GIdEtt8vto
Carmela Saiger,csaigerm9,csaigerm9@cmu.edu,hxkj3KgZs8
Hesther Jakubowicz,hjakubowiczma,hjakubowiczma@a8.net,sm7V0aWXk
Nathanael Piddlesden,npiddlesdenmb,npiddlesdenmb@unc.edu,l4TKeEzg2Cr
Mikol Landell,mlandellmc,mlandellmc@nationalgeographic.com,ih28rNi
Else McKissack,emckissackmd,emckissackmd@harvard.edu,2dHZC53KWAsW
Elvis Suttell,esuttellme,esuttellme@sogou.com,5d6SdPNO1i
Kissee Tesyro,ktesyromf,ktesyromf@ning.com,a7aCzVTWoog
Shoshana Proske,sproskemg,sproskemg@indiatimes.com,kghCp7vYs
Blayne Risom,brisommh,brisommh@salon.com,1o19QBoZKK8n
Franni Grieves,fgrievesmi,fgrievesmi@alibaba.com,zIUQGC
Augusto Myner,amynermj,amynermj@example.com,2dBliFw7FH
Anders Conquer,aconquermk,aconquermk@baidu.com,igdxgkYp6MQN
Cathleen Foddy,cfoddyml,cfoddyml@whitehouse.gov,TzapCWaEQfE
Haydon Klousner,hklousnermm,hklousnermm@spiegel.de,vaUSWl4gVBFT
Whitney Heeps,wheepsmn,wheepsmn@cyberchimps.com,J1vgZH
Chet Huggen,chuggenmo,chuggenmo@ox.ac.uk,MdghvDm
Odelle Andrioni,oandrionimp,oandrionimp@cargocollective.com,GBuvVNTJG6Xq
Yvonne Antonomolii,yantonomoliimq,yantonomoliimq@umich.edu,FUCLweTPLO
Boony Corpes,bcorpesmr,bcorpesmr@technorati.com,foQ6XAGnOY
Alfonse Apfelmann,aapfelmannms,aapfelmannms@economist.com,HrtWxH
Aube Capeloff,acapeloffmt,acapeloffmt@europa.eu,mc8th4
Letitia Kynson,lkynsonmu,lkynsonmu@sourceforge.net,nZRh08
Kay Raw,krawmv,krawmv@qq.com,1OgNF8clKFL
Daniella Corbert,dcorbertmw,dcorbertmw@qq.com,atGMEWci6ca
Milissent Ledgard,mledgardmx,mledgardmx@disqus.com,7zTg4mOH
Garvey Luffman,gluffmanmy,gluffmanmy@unicef.org,awtVvWERjly3
Northrop Grinaway,ngrinawaymz,ngrinawaymz@independent.co.uk,vZSoOqPOKq
Shurlocke Boeck,sboeckn0,sboeckn0@netlog.com,ymYXSb
Raven Nannetti,rnannettin1,rnannettin1@youtu.be,D0NqUPmKh
Frieda Alwood,falwoodn2,falwoodn2@sourceforge.net,wNuguC8NYf
Vanessa Swains,vswainsn3,vswainsn3@ustream.tv,P9p6rau
Ilka Seiler,iseilern4,iseilern4@wikipedia.org,xikCEZKaF
Patricio Wyeth,pwyethn5,pwyethn5@reuters.com,Wv11FmbV
Thaddus Oulett,toulettn6,toulettn6@ftc.gov,oPahUYu57oe
Emelina Stain,estainn7,estainn7@hao123.com,SeurWsW
Derril Goodwyn,dgoodwynn8,dgoodwynn8@liveinternet.ru,j9ZVd9Gq2Ukt
Felicle Clare,fclaren9,fclaren9@umn.edu,r1VhFzuWPrV
Tyne Magill,tmagillna,tmagillna@examiner.com,gasCG6eY58ks
Gus Boughton,gboughtonnb,gboughtonnb@cyberchimps.com,2Nv2bczA6qv4
Becky Badsworth,bbadsworthnc,bbadsworthnc@google.com.br,nTGV2V
Baldwin Gwilt,bgwiltnd,bgwiltnd@narod.ru,o3pCuzObGBz
Melanie MacKeogh,mmackeoghne,mmackeoghne@ezinearticles.com,J6cq1JtS
Nealy Underwood,nunderwoodnf,nunderwoodnf@columbia.edu,oS3TrFHqzYp
Berkley Fishpoole,bfishpooleng,bfishpooleng@pcworld.com,NXXg4KMukC6
Timofei Carek,tcareknh,tcareknh@state.tx.us,TDPMm0oedB
Bealle Clibbery,bclibberyni,bclibberyni@eepurl.com,q2Jg6qnZYL
Zed Middlebrook,zmiddlebrooknj,zmiddlebrooknj@addtoany.com,n14QHx3
Ritchie Lapworth,rlapworthnk,rlapworthnk@nsw.gov.au,Ncv6Da
Jacob Vernon,jvernonnl,jvernonnl@hibu.com,B5mCgDQ1
Lu Snowding,lsnowdingnm,lsnowdingnm@topsy.com,WZ189D4
Sidney McMonnies,smcmonniesnn,smcmonniesnn@ox.ac.uk,UBPyuJ
Delphine Martell,dmartellno,dmartellno@plala.or.jp,lF14C2
Bert Beere,bbeerenp,bbeerenp@narod.ru,BpokKz3
Rica Van der Linde,rvannq,rvannq@ox.ac.uk,vTZJjqnG5j
Ruthie Demogeot,rdemogeotnr,rdemogeotnr@hud.gov,HOWJDFEvZmI5
Renault Gyorffy,rgyorffyns,rgyorffyns@theguardian.com,OSRqaJUvv4al
Silvain Jonin,sjoninnt,sjoninnt@zdnet.com,wQ6p70c
Fancy Azam,fazamnu,fazamnu@cbslocal.com,g3gy6nrXE
Chelsey Roberson,crobersonnv,crobersonnv@pbs.org,ZIZmA8
Milli Harbard,mharbardnw,mharbardnw@vimeo.com,72L7ch
Dionne Tavinor,dtavinornx,dtavinornx@paypal.com,fdmXAo
Martguerita Wike,mwikeny,mwikeny@goo.ne.jp,zry6Go
Yul Beefon,ybeefonnz,ybeefonnz@amazon.com,BYlEIKWu
Aidan Sigsworth,asigswortho0,asigswortho0@over-blog.com,LYg8M6XLYL
Edeline Rawcliffe,erawcliffeo1,erawcliffeo1@gizmodo.com,BA9bIepeFqi
Elle Vela,evelao2,evelao2@cyberchimps.com,rh0DewZp
Sherlock Meier,smeiero3,smeiero3@yellowpages.com,iRimrGn
Armin Bach,abacho4,abacho4@bizjournals.com,ORHeWUZ0CL3
Jareb Rockwill,jrockwillo5,jrockwillo5@cpanel.net,d3DvTu6I1
Tilda Cleugher,tcleughero6,tcleughero6@google.fr,SOjzOp
Joey Ellicock,jellicocko7,jellicocko7@dedecms.com,DyRf7S
Greta Cloy,gcloyo8,gcloyo8@toplist.cz,MdpvN0ZLY7
Karney Krug,kkrugo9,kkrugo9@webnode.com,5PjdaPXJ8R
Aubrie Cubbino,acubbinooa,acubbinooa@typepad.com,rPtQsa
Olympie Kemmet,okemmetob,okemmetob@umich.edu,Xje3vk5haLe
Legra O'Noulane,lonoulaneoc,lonoulaneoc@tripadvisor.com,LSDQmAJfbG
Granville Staley,gstaleyod,gstaleyod@w3.org,SaSx6KIu
Amity Christol,achristoloe,achristoloe@tinypic.com,lHNPasUuEt04
Holly Castenda,hcastendaof,hcastendaof@gravatar.com,ThCQFr5VZ4
Alfonso Strivens,astrivensog,astrivensog@rambler.ru,8NwKiW
Reagan Elwell,relwelloh,relwelloh@nydailynews.com,D0FvA2f
Tierney Beakes,tbeakesoi,tbeakesoi@mashable.com,XGhCfWM
Pietrek Wraith,pwraithoj,pwraithoj@wiley.com,ZTI0qgd
Friedrich Bennison,fbennisonok,fbennisonok@apache.org,jPLs65yuFgt
Bethina Fallowes,bfallowesol,bfallowesol@soup.io,6zdrCL55
Kellyann Koba,kkobaom,kkobaom@wiley.com,89wBUYSflwD
Barbie Yarnold,byarnoldon,byarnoldon@amazonaws.com,zYZsoSc2qenq
Rozella Toomey,rtoomeyoo,rtoomeyoo@t-online.de,bVJlj9
Tannie Wrangle,twrangleop,twrangleop@friendfeed.com,Z4kxGrSp9
Daniela Stallworth,dstallworthoq,dstallworthoq@sphinn.com,TPQQea8t
Teodorico Haps,thapsor,thapsor@people.com.cn,RXx0EXoqSUbj
Delmar Demcik,ddemcikos,ddemcikos@businesswire.com,aj86gyozvk
Katie Sterrie,ksterrieot,ksterrieot@unc.edu,NR7DPDOaJzY
Dianne Potteridge,dpotteridgeou,dpotteridgeou@etsy.com,qb0hoRN
Rickie Lippiatt,rlippiattov,rlippiattov@diigo.com,5eO2mpI6tD
Christian Blandford,cblandfordow,cblandfordow@chicagotribune.com,MyxcAm50mtv
Bryant Simmon,bsimmonox,bsimmonox@weather.com,C48OGN
Korie Fellis,kfellisoy,kfellisoy@smugmug.com,m4QRA5IWCo18
Stewart Pryor,spryoroz,spryoroz@accuweather.com,7mqaCBQTYTam
Arlena Gilbanks,agilbanksp0,agilbanksp0@loc.gov,GeTCdCM4GP
Wilona Wishart,wwishartp1,wwishartp1@theguardian.com,LHkrI1
Joby MacBey,jmacbeyp2,jmacbeyp2@xinhuanet.com,rZr03qa43F
Kaye Bartzen,kbartzenp3,kbartzenp3@homestead.com,geiR2HUAxX
Reed Krebs,rkrebsp4,rkrebsp4@auda.org.au,BrNeR2
Woodie Dankov,wdankovp5,wdankovp5@usatoday.com,KgtdJ2gRBI
Darrel Kewzick,dkewzickp6,dkewzickp6@vk.com,PTs8ZnRZ
Georgeanne Minney,gminneyp7,gminneyp7@barnesandnoble.com,B5XhOixw
Casey Hunnaball,chunnaballp8,chunnaballp8@opera.com,jUGAq8v
Clerkclaude Luckett,cluckettp9,cluckettp9@jugem.jp,e0FyA6sw
Timothy Penright,tpenrightpa,tpenrightpa@storify.com,OWMSPC7MP
Suzy Brookhouse,sbrookhousepb,sbrookhousepb@stumbleupon.com,AFD74NrUCQZ
Hollyanne Snookes,hsnookespc,hsnookespc@flavors.me,urmESSIv6H
Shandee Bellsham,sbellshampd,sbellshampd@japanpost.jp,Outtsyb97q1
Shaylyn Whitcombe,swhitcombepe,swhitcombepe@businesswire.com,kKj2ioBB
Stan Tranter,stranterpf,stranterpf@pinterest.com,7KWOlx
Herby Gammell,hgammellpg,hgammellpg@indiatimes.com,bjA2VsFOfxUi
Ben Millan,bmillanph,bmillanph@indiatimes.com,kNcN6g
Forest Cradduck,fcradduckpi,fcradduckpi@hc360.com,TOR6g43JoVd9
Raynor Peebles,rpeeblespj,rpeeblespj@dedecms.com,g3owOQxCC
Emmalynn Abbatt,eabbattpk,eabbattpk@patch.com,KocUaL
Quintus Loomis,qloomispl,qloomispl@netscape.com,AlWhAs8CK
Alfreda Jouannisson,ajouannissonpm,ajouannissonpm@feedburner.com,fnRWapTZ
Rowen Leyband,rleybandpn,rleybandpn@diigo.com,rW2Cf6
Joelie Victory,jvictorypo,jvictorypo@springer.com,DVEtTXeM3
Alonso Gallety,agalletypp,agalletypp@360.cn,QEhAc2yUaG0
Megan Espadate,mespadatepq,mespadatepq@imageshack.us,yC1JdqQ6Uisp
Ryley Whiteland,rwhitelandpr,rwhitelandpr@weibo.com,aXGwxU
Morgana Jacop,mjacopps,mjacopps@mapy.cz,yQyeeei9
Lamont Bilton,lbiltonpt,lbiltonpt@macromedia.com,oPA8iq4R6wQ
Egor Yurevich,eyurevichpu,eyurevichpu@w3.org,z5OZTnje
Paco Liddiatt,pliddiattpv,pliddiattpv@wsj.com,KgtZYi5k
Pepito Mearing,pmearingpw,pmearingpw@sitemeter.com,k1RAdz54Hq
Maje Pretious,mpretiouspx,mpretiouspx@chicagotribune.com,7WzdqRQC
Mallory Keetley,mkeetleypy,mkeetleypy@illinois.edu,hokCzQh2a
Sapphire Piddle,spiddlepz,spiddlepz@opera.com,2fbaIf
Arabelle Larive,alariveq0,alariveq0@guardian.co.uk,AnyY4Xp3OhCM
Anneliese Linforth,alinforthq1,alinforthq1@hhs.gov,p3XsZztnV
Kylie Grinin,kgrininq2,kgrininq2@craigslist.org,I5jxqVVT7
Carine Ungerechts,cungerechtsq3,cungerechtsq3@msu.edu,nQSDtQbvj6
Amberly Wapples,awapplesq4,awapplesq4@posterous.com,jyVIJr
Misti Crebo,mcreboq5,mcreboq5@bluehost.com,ZWFU779QA
Winn Klosser,wklosserq6,wklosserq6@nba.com,dcwEBy00F
Ware Ibbeson,wibbesonq7,wibbesonq7@nationalgeographic.com,6HgoyCyq1
Lavinie Gercke,lgerckeq8,lgerckeq8@unicef.org,GdP4Bmv
Lorine Everall,leverallq9,leverallq9@ibm.com,EKqXqRwC3
Vivyan Wewell,vwewellqa,vwewellqa@zimbio.com,Fge9K7YVM
Perry De Filippo,pdeqb,pdeqb@google.com.br,nXkbboTlOW5P
Sandye Inskipp,sinskippqc,sinskippqc@lycos.com,7J3ODKnvCBa
Berky Chastagnier,bchastagnierqd,bchastagnierqd@deliciousdays.com,Xkf1Wlc7P
Zach Demeter,zdemeterqe,zdemeterqe@tamu.edu,ZTGbx7te
Edgard Scourge,escourgeqf,escourgeqf@ted.com,7MIQh8T
Giordano Currao,gcurraoqg,gcurraoqg@google.fr,JBMshMT71VD4
Cassandry Myrtle,cmyrtleqh,cmyrtleqh@odnoklassniki.ru,lIylYGUZ2W5
Tildi Fidoe,tfidoeqi,tfidoeqi@home.pl,ZK9pZzB
Irwinn Sokell,isokellqj,isokellqj@columbia.edu,XESi520zh
Gauthier Finlow,gfinlowqk,gfinlowqk@yellowpages.com,JyyV0RPDEl6f
Edith Klais,eklaisql,eklaisql@adobe.com,rZFmkByCVF
Brnaba Bristowe,bbristoweqm,bbristoweqm@dmoz.org,tC9t27W
Annmarie Gwinnel,agwinnelqn,agwinnelqn@elegantthemes.com,mUhM8QLy7qko
Cristal Salerno,csalernoqo,csalernoqo@woothemes.com,ILxiyypdob
Kitti Ling,klingqp,klingqp@toplist.cz,xm45qiaGcEJ7
Carlita MacPaik,cmacpaikqq,cmacpaikqq@php.net,2BiAPIkxYl
Dina Andrichuk,dandrichukqr,dandrichukqr@cyberchimps.com,Kz5jGgcq6t
Marget Speir,mspeirqs,mspeirqs@mapy.cz,ZPvUafFPNc
Kearney Castrillo,kcastrilloqt,kcastrilloqt@economist.com,Tle1qBx
Mab Hannum,mhannumqu,mhannumqu@cpanel.net,Y071cp
Annice Mattessen,amattessenqv,amattessenqv@exblog.jp,XDTNOZRP2Q8
Tyrus Lightwood,tlightwoodqw,tlightwoodqw@arstechnica.com,vECGzokb0Wa
Burke Tuhy,btuhyqx,btuhyqx@theguardian.com,pmJLEazfN
Sampson Maasz,smaaszqy,smaaszqy@clickbank.net,3Xxli5IZR
Deidre Warbys,dwarbysqz,dwarbysqz@dagondesign.com,PzDiTyfOra
Jelene McGrudder,jmcgrudderr0,jmcgrudderr0@blogspot.com,VE9NYgdw
Asia Dassindale,adassindaler1,adassindaler1@ucla.edu,uLuaaQqT98EB
Miller Normavill,mnormavillr2,mnormavillr2@youtube.com,HOI510oZ
Reider Moyer,rmoyerr3,rmoyerr3@huffingtonpost.com,WfOorL4lb6
Quinn Birbeck,qbirbeckr4,qbirbeckr4@studiopress.com,snLVkA
Lanna Denisovich,ldenisovichr5,ldenisovichr5@bravesites.com,XxDktjV1u7
Amara Ducarne,aducarner6,aducarner6@loc.gov,QPqUU0J2c
Carce Wind,cwindr7,cwindr7@xrea.com,bcUUhrv5U6Xh
Von Mullard,vmullardr8,vmullardr8@ucoz.com,2T89dG0L2Djt
Ephraim Barriball,ebarriballr9,ebarriballr9@mlb.com,TSsPG2wa25YL
Faustina Mouatt,fmouattra,fmouattra@oakley.com,5ZxG4Nxa
Darin Calderon,dcalderonrb,dcalderonrb@unicef.org,hzlIWiExnir
Lauree Cozzi,lcozzirc,lcozzirc@odnoklassniki.ru,tL5PMuH
Ranique Terese,rtereserd,rtereserd@toplist.cz,Eyrb5fFMOj2
Brittan Lamborn,blambornre,blambornre@walmart.com,R9n6YkORSw
Pauletta Wakes,pwakesrf,pwakesrf@nydailynews.com,EPSqVmqUVuFV
Eveline Harflete,eharfleterg,eharfleterg@accuweather.com,NZYJD6S89Nt
Royce Leggen,rleggenrh,rleggenrh@nyu.edu,PrO39KGrbhaS
Casandra Jesteco,cjestecori,cjestecori@huffingtonpost.com,0b9IGqFj6uCf
Osbert Bernade,obernaderj,obernaderj@phpbb.com,k86U4q
Ettie Bugler,ebuglerrk,ebuglerrk@blog.com,rtBuTG42s
Melony Scurfield,mscurfieldrl,mscurfieldrl@bloglines.com,42aoCrg2cIVu
Dirk Hasney,dhasneyrm,dhasneyrm@google.fr,mdjwDge3GPQP
Pamella Maywood,pmaywoodrn,pmaywoodrn@forbes.com,GCD1qXDC
Velvet Quinton,vquintonro,vquintonro@admin.ch,m0R7rO2
Paulita Verney,pverneyrp,pverneyrp@feedburner.com,WcAw5An8Xp8I
Stevie Reightley,sreightleyrq,sreightleyrq@youtube.com,vLYr0cd
Ellary Trembley,etrembleyrr,etrembleyrr@cbc.ca,d6rgjkQqPU
